"resource","country","cluster","cluster_rank","tier","location","gw"
"onwind","AL",4,1,4,1,0.065
"onwind","AL",5,2,4,2,0.095
"onwind","AL",1,3,4,3,0.006
"onwind","AL",3,5,4,4,0.004
"onwind","AL",4,1,3,5,0.591
"onwind","AL",5,2,3,6,0.445
"onwind","AL",1,3,3,7,0.268
"onwind","AL",2,4,3,8,0.068
"onwind","AL",3,5,3,9,0.06
"onwind","AL",4,1,2,10,2.123
"onwind","AL",5,2,2,11,1.317
"onwind","AL",1,3,2,12,0.925
"onwind","AL",2,4,2,13,0.594
"onwind","AL",3,5,2,14,0.751
"onwind","AL",4,1,1,15,4.204
"onwind","AL",5,2,1,16,2.504
"onwind","AL",1,3,1,17,4.66
"onwind","AL",2,4,1,18,2.17
"onwind","AL",3,5,1,19,3.57
"onwind","AT",9,1,4,1,0.006
"onwind","AT",3,2,4,2,0.638
"onwind","AT",11,3,4,3,0.028
"onwind","AT",7,4,4,4,0.621
"onwind","AT",8,5,4,5,0.062
"onwind","AT",2,7,4,6,0.279
"onwind","AT",4,8,4,7,0.072
"onwind","AT",6,9,4,8,0.026
"onwind","AT",1,11,4,9,0.003
"onwind","AT",9,1,3,10,0.156
"onwind","AT",3,2,3,11,1.705
"onwind","AT",11,3,3,12,0.168
"onwind","AT",7,4,3,13,1.133
"onwind","AT",8,5,3,14,0.362
"onwind","AT",10,6,3,15,0.014
"onwind","AT",2,7,3,16,1.136
"onwind","AT",4,8,3,17,0.658
"onwind","AT",6,9,3,18,0.332
"onwind","AT",5,10,3,19,0.099
"onwind","AT",1,11,3,20,0.136
"onwind","AT",9,1,2,21,5.027
"onwind","AT",3,2,2,22,2.65
"onwind","AT",11,3,2,23,1.79
"onwind","AT",7,4,2,24,1.83
"onwind","AT",8,5,2,25,2.754
"onwind","AT",10,6,2,26,0.608
"onwind","AT",2,7,2,27,2.963
"onwind","AT",4,8,2,28,2.174
"onwind","AT",6,9,2,29,0.991
"onwind","AT",5,10,2,30,0.539
"onwind","AT",1,11,2,31,0.712
"onwind","AT",9,1,1,32,2.19
"onwind","AT",3,2,1,33,3.024
"onwind","AT",11,3,1,34,6.679
"onwind","AT",7,4,1,35,2.631
"onwind","AT",8,5,1,36,4.891
"onwind","AT",10,6,1,37,5.756
"onwind","AT",2,7,1,38,5.264
"onwind","AT",4,8,1,39,4.854
"onwind","AT",6,9,1,40,1.909
"onwind","AT",5,10,1,41,1.3
"onwind","AT",1,11,1,42,1.814
"onwind","BA",2,1,4,1,0.144
"onwind","BA",1,2,4,2,0.165
"onwind","BA",3,3,4,3,0.074
"onwind","BA",2,1,3,4,1.584
"onwind","BA",1,2,3,5,1.15
"onwind","BA",3,3,3,6,0.874
"onwind","BA",2,1,2,7,4.301
"onwind","BA",1,2,2,8,4.496
"onwind","BA",3,3,2,9,3.478
"onwind","BA",2,1,1,10,5.519
"onwind","BA",1,2,1,11,7.187
"onwind","BA",3,3,1,12,10.72
"onwind","BE",1,1,4,1,0.27
"onwind","BE",1,1,3,2,4.541
"onwind","BE",1,1,2,3,7.163
"onwind","BE",1,1,1,4,3.12
"onwind","BG",8,1,3,1,0.114
"onwind","BG",3,3,3,2,0.094
"onwind","BG",9,5,3,3,0.021
"onwind","BG",1,6,3,4,0.077
"onwind","BG",5,7,3,5,0.004
"onwind","BG",2,8,3,6,0.074
"onwind","BG",4,9,3,7,0.032
"onwind","BG",8,1,2,8,3.698
"onwind","BG",7,2,2,9,3.931
"onwind","BG",3,3,2,10,0.872
"onwind","BG",6,4,2,11,0.46
"onwind","BG",9,5,2,12,0.16
"onwind","BG",1,6,2,13,0.737
"onwind","BG",5,7,2,14,0.029
"onwind","BG",2,8,2,15,0.732
"onwind","BG",4,9,2,16,0.573
"onwind","BG",8,1,1,17,0.461
"onwind","BG",7,2,1,18,5.105
"onwind","BG",3,3,1,19,7.198
"onwind","BG",6,4,1,20,8.434
"onwind","BG",9,5,1,21,3.467
"onwind","BG",1,6,1,22,4.412
"onwind","BG",5,7,1,23,3.538
"onwind","BG",2,8,1,24,2.654
"onwind","BG",4,9,1,25,3.436
"onwind","CH",4,1,4,1,0.096
"onwind","CH",3,2,4,2,0.146
"onwind","CH",6,3,4,3,0.039
"onwind","CH",1,5,4,4,0.005
"onwind","CH",5,6,4,5,0.08
"onwind","CH",2,7,4,6,0.003
"onwind","CH",4,1,3,7,0.611
"onwind","CH",3,2,3,8,0.841
"onwind","CH",6,3,3,9,0.292
"onwind","CH",7,4,3,10,0.049
"onwind","CH",1,5,3,11,0.063
"onwind","CH",5,6,3,12,0.524
"onwind","CH",2,7,3,13,0.132
"onwind","CH",4,1,2,14,1.59
"onwind","CH",3,2,2,15,1.639
"onwind","CH",6,3,2,16,0.74
"onwind","CH",7,4,2,17,1.46
"onwind","CH",1,5,2,18,0.255
"onwind","CH",5,6,2,19,1.571
"onwind","CH",2,7,2,20,0.767
"onwind","CH",4,1,1,21,1.953
"onwind","CH",3,2,1,22,2.438
"onwind","CH",6,3,1,23,1.162
"onwind","CH",7,4,1,24,6.84
"onwind","CH",1,5,1,25,0.646
"onwind","CH",5,6,1,26,3.278
"onwind","CH",2,7,1,27,2.284
"onwind","CZ",1,1,4,1,0.01
"onwind","CZ",3,2,4,2,0.011
"onwind","CZ",1,1,3,3,0.538
"onwind","CZ",3,2,3,4,0.455
"onwind","CZ",2,3,3,5,0.259
"onwind","CZ",1,1,2,6,6.47
"onwind","CZ",3,2,2,7,10.941
"onwind","CZ",2,3,2,8,3.243
"onwind","CZ",1,1,1,9,14.603
"onwind","CZ",3,2,1,10,24.039
"onwind","CZ",2,3,1,11,21.964
"onwind","DE",6,1,4,1,12.232
"onwind","DE",5,2,4,2,1.796
"onwind","DE",4,3,4,3,1.738
"onwind","DE",3,4,4,4,0.055
"onwind","DE",2,5,4,5,0.075
"onwind","DE",6,1,3,6,19.588
"onwind","DE",5,2,3,7,26.119
"onwind","DE",4,3,3,8,32.92
"onwind","DE",3,4,3,9,3.215
"onwind","DE",2,5,3,10,2.708
"onwind","DE",1,6,3,11,0.151
"onwind","DE",6,1,2,12,5.253
"onwind","DE",5,2,2,13,21.117
"onwind","DE",4,3,2,14,36.981
"onwind","DE",3,4,2,15,50.274
"onwind","DE",2,5,2,16,28.858
"onwind","DE",1,6,2,17,10.1
"onwind","DE",6,1,1,18,0.668
"onwind","DE",5,2,1,19,4.627
"onwind","DE",4,3,1,20,6.206
"onwind","DE",3,4,1,21,19.739
"onwind","DE",2,5,1,22,50.105
"onwind","DE",1,6,1,23,82.488
"onwind","DK",1,1,4,1,45.37
"onwind","DK",1,1,3,2,34.684
"onwind","DK",1,1,2,3,0.565
"onwind","EE",1,1,4,1,5.426
"onwind","EE",1,1,3,2,9.06
"onwind","EE",1,1,2,3,57.657
"onwind","EE",1,1,1,4,21.53
"onwind","ES",23,1,4,1,0.428
"onwind","ES",20,2,4,2,0.118
"onwind","ES",16,3,4,3,0.401
"onwind","ES",29,4,4,4,1.929
"onwind","ES",26,5,4,5,0.775
"onwind","ES",25,6,4,6,0.068
"onwind","ES",14,7,4,7,0.055
"onwind","ES",1,8,4,8,0.396
"onwind","ES",24,9,4,9,0.158
"onwind","ES",19,10,4,10,0.043
"onwind","ES",13,11,4,11,0.015
"onwind","ES",15,13,4,12,0.005
"onwind","ES",30,16,4,13,0.132
"onwind","ES",6,17,4,14,0.003
"onwind","ES",4,18,4,15,0.019
"onwind","ES",21,19,4,16,0.039
"onwind","ES",18,22,4,17,0.029
"onwind","ES",3,23,4,18,0.059
"onwind","ES",28,24,4,19,0.126
"onwind","ES",27,27,4,20,0.105
"onwind","ES",23,1,3,21,6.2
"onwind","ES",20,2,3,22,2.651
"onwind","ES",16,3,3,23,2.689
"onwind","ES",29,4,3,24,6.393
"onwind","ES",26,5,3,25,3.205
"onwind","ES",25,6,3,26,1.272
"onwind","ES",14,7,3,27,0.419
"onwind","ES",1,8,3,28,1.816
"onwind","ES",24,9,3,29,1.93
"onwind","ES",19,10,3,30,0.751
"onwind","ES",13,11,3,31,0.573
"onwind","ES",10,12,3,32,0.033
"onwind","ES",15,13,3,33,0.066
"onwind","ES",8,14,3,34,0.141
"onwind","ES",22,15,3,35,0.014
"onwind","ES",30,16,3,36,1.093
"onwind","ES",6,17,3,37,0.248
"onwind","ES",4,18,3,38,0.278
"onwind","ES",21,19,3,39,0.369
"onwind","ES",2,20,3,40,0.015
"onwind","ES",17,21,3,41,0.006
"onwind","ES",18,22,3,42,0.744
"onwind","ES",3,23,3,43,0.572
"onwind","ES",28,24,3,44,1.565
"onwind","ES",9,26,3,45,0.121
"onwind","ES",27,27,3,46,0.703
"onwind","ES",11,28,3,47,0.053
"onwind","ES",5,29,3,48,0.035
"onwind","ES",7,30,3,49,0.028
"onwind","ES",23,1,2,50,7.264
"onwind","ES",20,2,2,51,5.926
"onwind","ES",16,3,2,52,10.718
"onwind","ES",29,4,2,53,14.705
"onwind","ES",26,5,2,54,9.8
"onwind","ES",25,6,2,55,8.244
"onwind","ES",14,7,2,56,1.901
"onwind","ES",1,8,2,57,7.73
"onwind","ES",24,9,2,58,6.701
"onwind","ES",19,10,2,59,8.447
"onwind","ES",13,11,2,60,5.942
"onwind","ES",10,12,2,61,2.131
"onwind","ES",15,13,2,62,4.657
"onwind","ES",8,14,2,63,4.814
"onwind","ES",22,15,2,64,3.388
"onwind","ES",30,16,2,65,5.599
"onwind","ES",6,17,2,66,7.431
"onwind","ES",4,18,2,67,1.394
"onwind","ES",21,19,2,68,4.581
"onwind","ES",2,20,2,69,2.354
"onwind","ES",17,21,2,70,1.996
"onwind","ES",18,22,2,71,4.983
"onwind","ES",3,23,2,72,4.245
"onwind","ES",28,24,2,73,5.987
"onwind","ES",12,25,2,74,0.885
"onwind","ES",9,26,2,75,2.674
"onwind","ES",27,27,2,76,2.057
"onwind","ES",11,28,2,77,0.821
"onwind","ES",5,29,2,78,0.784
"onwind","ES",7,30,2,79,1.066
"onwind","ES",23,1,1,80,1.699
"onwind","ES",20,2,1,81,3.541
"onwind","ES",16,3,1,82,4.992
"onwind","ES",29,4,1,83,11.179
"onwind","ES",26,5,1,84,8.651
"onwind","ES",25,6,1,85,10.994
"onwind","ES",14,7,1,86,4.446
"onwind","ES",1,8,1,87,12.663
"onwind","ES",24,9,1,88,10.108
"onwind","ES",19,10,1,89,17.782
"onwind","ES",13,11,1,90,13.433
"onwind","ES",10,12,1,91,5.109
"onwind","ES",15,13,1,92,14.799
"onwind","ES",8,14,1,93,21.286
"onwind","ES",22,15,1,94,21.103
"onwind","ES",30,16,1,95,9.193
"onwind","ES",6,17,1,96,19
"onwind","ES",4,18,1,97,6.721
"onwind","ES",21,19,1,98,13.305
"onwind","ES",2,20,1,99,11.934
"onwind","ES",17,21,1,100,18.365
"onwind","ES",18,22,1,101,26.697
"onwind","ES",3,23,1,102,14.964
"onwind","ES",28,24,1,103,13.858
"onwind","ES",12,25,1,104,23.125
"onwind","ES",9,26,1,105,23.244
"onwind","ES",27,27,1,106,3.66
"onwind","ES",11,28,1,107,13.37
"onwind","ES",5,29,1,108,31.472
"onwind","ES",7,30,1,109,25.175
"onwind","FI",4,1,4,1,0.766
"onwind","FI",3,2,4,2,0.721
"onwind","FI",1,3,4,3,2.953
"onwind","FI",4,1,3,4,8.425
"onwind","FI",3,2,3,5,2.765
"onwind","FI",1,3,3,6,4.334
"onwind","FI",2,4,3,7,0.553
"onwind","FI",4,1,2,8,99.1
"onwind","FI",3,2,2,9,67.268
"onwind","FI",1,3,2,10,58.578
"onwind","FI",2,4,2,11,45.48
"onwind","FI",4,1,1,12,78.698
"onwind","FI",3,2,1,13,75.572
"onwind","FI",1,3,1,14,109.094
"onwind","FI",2,4,1,15,126.905
"onwind","FR",26,1,4,1,1.112
"onwind","FR",30,2,4,2,1.68
"onwind","FR",24,3,4,3,1.665
"onwind","FR",2,4,4,4,3.893
"onwind","FR",21,6,4,5,0.016
"onwind","FR",8,9,4,6,1.081
"onwind","FR",10,10,4,7,0.656
"onwind","FR",5,13,4,8,1.566
"onwind","FR",13,16,4,9,0.051
"onwind","FR",11,22,4,10,0.435
"onwind","FR",6,24,4,11,0.339
"onwind","FR",20,26,4,12,0.006
"onwind","FR",9,28,4,13,0.028
"onwind","FR",3,29,4,14,0.067
"onwind","FR",26,1,3,15,18.217
"onwind","FR",30,2,3,16,14.824
"onwind","FR",24,3,3,17,10.692
"onwind","FR",2,4,3,18,7.012
"onwind","FR",16,5,3,19,5.076
"onwind","FR",21,6,3,20,4.612
"onwind","FR",25,7,3,21,0.724
"onwind","FR",17,8,3,22,0.026
"onwind","FR",8,9,3,23,5.614
"onwind","FR",10,10,3,24,4.981
"onwind","FR",29,11,3,25,1.398
"onwind","FR",12,12,3,26,0.459
"onwind","FR",5,13,3,27,5.965
"onwind","FR",27,14,3,28,0.112
"onwind","FR",18,15,3,29,0.026
"onwind","FR",13,16,3,30,0.431
"onwind","FR",22,17,3,31,0.032
"onwind","FR",14,18,3,32,0.096
"onwind","FR",28,19,3,33,0.068
"onwind","FR",23,20,3,34,0.053
"onwind","FR",19,21,3,35,0.05
"onwind","FR",11,22,3,36,1.916
"onwind","FR",4,23,3,37,0.414
"onwind","FR",6,24,3,38,1.919
"onwind","FR",15,25,3,39,0.029
"onwind","FR",20,26,3,40,0.202
"onwind","FR",1,27,3,41,0.006
"onwind","FR",9,28,3,42,0.17
"onwind","FR",3,29,3,43,1.589
"onwind","FR",7,30,3,44,0.206
"onwind","FR",26,1,2,45,17.372
"onwind","FR",30,2,2,46,18.797
"onwind","FR",24,3,2,47,24.779
"onwind","FR",2,4,2,48,6.05
"onwind","FR",16,5,2,49,20.089
"onwind","FR",21,6,2,50,30.424
"onwind","FR",25,7,2,51,32.612
"onwind","FR",17,8,2,52,20.383
"onwind","FR",8,9,2,53,8.105
"onwind","FR",10,10,2,54,9.065
"onwind","FR",29,11,2,55,18.485
"onwind","FR",12,12,2,56,20.831
"onwind","FR",5,13,2,57,11.562
"onwind","FR",27,14,2,58,14.081
"onwind","FR",18,15,2,59,13.138
"onwind","FR",13,16,2,60,12.011
"onwind","FR",22,17,2,61,13.097
"onwind","FR",14,18,2,62,5.616
"onwind","FR",28,19,2,63,7.157
"onwind","FR",23,20,2,64,6.266
"onwind","FR",19,21,2,65,5.046
"onwind","FR",11,22,2,66,6.472
"onwind","FR",4,23,2,67,3.946
"onwind","FR",6,24,2,68,5.914
"onwind","FR",15,25,2,69,1.527
"onwind","FR",20,26,2,70,2.806
"onwind","FR",1,27,2,71,1.667
"onwind","FR",9,28,2,72,1.751
"onwind","FR",3,29,2,73,5.361
"onwind","FR",7,30,2,74,1.182
"onwind","FR",26,1,1,75,0.906
"onwind","FR",30,2,1,76,2.971
"onwind","FR",24,3,1,77,1.306
"onwind","FR",2,4,1,78,4.219
"onwind","FR",16,5,1,79,0.429
"onwind","FR",21,6,1,80,2.655
"onwind","FR",25,7,1,81,6.202
"onwind","FR",17,8,1,82,7.343
"onwind","FR",8,9,1,83,7.41
"onwind","FR",10,10,1,84,9.072
"onwind","FR",29,11,1,85,11.135
"onwind","FR",12,12,1,86,12.66
"onwind","FR",5,13,1,87,18.536
"onwind","FR",27,14,1,88,11.339
"onwind","FR",18,15,1,89,11.922
"onwind","FR",13,16,1,90,13.102
"onwind","FR",22,17,1,91,18.762
"onwind","FR",14,18,1,92,13.884
"onwind","FR",28,19,1,93,15.102
"onwind","FR",23,20,1,94,17.77
"onwind","FR",19,21,1,95,22.19
"onwind","FR",11,22,1,96,15.131
"onwind","FR",4,23,1,97,20.167
"onwind","FR",6,24,1,98,10.224
"onwind","FR",15,25,1,99,14.334
"onwind","FR",20,26,1,100,15.628
"onwind","FR",1,27,1,101,13.494
"onwind","FR",9,28,1,102,28.433
"onwind","FR",3,29,1,103,12.501
"onwind","FR",7,30,1,104,15.955
"onwind","GB",3,1,4,1,31.905
"onwind","GB",5,2,4,2,32.383
"onwind","GB",4,3,4,3,33.245
"onwind","GB",2,4,4,4,35.149
"onwind","GB",1,5,4,5,17.84
"onwind","GB",3,1,3,6,12.782
"onwind","GB",5,2,3,7,25.303
"onwind","GB",4,3,3,8,39.721
"onwind","GB",2,4,3,9,54.929
"onwind","GB",1,5,3,10,87.995
"onwind","GB",3,1,2,11,0.942
"onwind","GB",5,2,2,12,12.835
"onwind","GB",4,3,2,13,11.556
"onwind","GB",2,4,2,14,19.332
"onwind","GB",1,5,2,15,20.631
"onwind","GB",3,1,1,16,0.104
"onwind","GB",5,2,1,17,0.818
"onwind","GB",4,3,1,18,0.55
"onwind","GB",2,4,1,19,0.659
"onwind","GB",1,5,1,20,0.264
"onwind","GR",2,1,4,1,0.882
"onwind","GR",15,2,4,2,0.388
"onwind","GR",1,3,4,3,0.635
"onwind","GR",3,4,4,4,0.348
"onwind","GR",11,5,4,5,0.442
"onwind","GR",4,6,4,6,0.026
"onwind","GR",9,8,4,7,0.201
"onwind","GR",19,10,4,8,0.019
"onwind","GR",8,11,4,9,0.008
"onwind","GR",6,12,4,10,0.031
"onwind","GR",7,14,4,11,0.015
"onwind","GR",14,15,4,12,0.056
"onwind","GR",13,16,4,13,0.033
"onwind","GR",16,18,4,14,0.012
"onwind","GR",2,1,3,15,1.109
"onwind","GR",15,2,3,16,0.967
"onwind","GR",1,3,3,17,1.331
"onwind","GR",3,4,3,18,0.885
"onwind","GR",11,5,3,19,1.32
"onwind","GR",4,6,3,20,0.253
"onwind","GR",10,7,3,21,0.005
"onwind","GR",9,8,3,22,0.762
"onwind","GR",20,9,3,23,0.035
"onwind","GR",19,10,3,24,0.265
"onwind","GR",8,11,3,25,0.495
"onwind","GR",6,12,3,26,0.264
"onwind","GR",5,13,3,27,0.009
"onwind","GR",7,14,3,28,0.351
"onwind","GR",14,15,3,29,0.29
"onwind","GR",13,16,3,30,0.305
"onwind","GR",12,17,3,31,0.013
"onwind","GR",16,18,3,32,0.16
"onwind","GR",17,20,3,33,0.026
"onwind","GR",2,1,2,34,0.836
"onwind","GR",15,2,2,35,1.438
"onwind","GR",1,3,2,36,1.896
"onwind","GR",3,4,2,37,1.115
"onwind","GR",11,5,2,38,1.89
"onwind","GR",4,6,2,39,0.683
"onwind","GR",10,7,2,40,0.447
"onwind","GR",9,8,2,41,2.482
"onwind","GR",20,9,2,42,0.386
"onwind","GR",19,10,2,43,1.571
"onwind","GR",8,11,2,44,1.31
"onwind","GR",6,12,2,45,1.016
"onwind","GR",5,13,2,46,0.13
"onwind","GR",7,14,2,47,1.019
"onwind","GR",14,15,2,48,0.647
"onwind","GR",13,16,2,49,0.892
"onwind","GR",12,17,2,50,0.234
"onwind","GR",16,18,2,51,0.612
"onwind","GR",18,19,2,52,0.102
"onwind","GR",17,20,2,53,0.377
"onwind","GR",2,1,1,54,0.374
"onwind","GR",15,2,1,55,0.616
"onwind","GR",1,3,1,56,1.222
"onwind","GR",3,4,1,57,1.223
"onwind","GR",11,5,1,58,2.915
"onwind","GR",4,6,1,59,1.627
"onwind","GR",10,7,1,60,1.282
"onwind","GR",9,8,1,61,5.166
"onwind","GR",20,9,1,62,2.287
"onwind","GR",19,10,1,63,4.161
"onwind","GR",8,11,1,64,2.125
"onwind","GR",6,12,1,65,2.731
"onwind","GR",5,13,1,66,1.586
"onwind","GR",7,14,1,67,2.192
"onwind","GR",14,15,1,68,1.395
"onwind","GR",13,16,1,69,2.033
"onwind","GR",12,17,1,70,3.572
"onwind","GR",16,18,1,71,1.628
"onwind","GR",18,19,1,72,1.434
"onwind","GR",17,20,1,73,2.264
"onwind","HR",2,2,4,1,0.175
"onwind","HR",1,1,3,2,0.209
"onwind","HR",2,2,3,3,1.15
"onwind","HR",3,3,3,4,0.02
"onwind","HR",5,5,3,5,0.02
"onwind","HR",1,1,2,6,2.305
"onwind","HR",2,2,2,7,2.498
"onwind","HR",3,3,2,8,0.5
"onwind","HR",4,4,2,9,0.019
"onwind","HR",5,5,2,10,0.155
"onwind","HR",1,1,1,11,4.001
"onwind","HR",2,2,1,12,3.838
"onwind","HR",3,3,1,13,1.959
"onwind","HR",4,4,1,14,2.979
"onwind","HR",5,5,1,15,3.417
"onwind","HU",3,1,3,1,0.048
"onwind","HU",1,3,3,2,0.004
"onwind","HU",3,1,2,3,8.29
"onwind","HU",2,2,2,4,0.012
"onwind","HU",1,3,2,5,1.759
"onwind","HU",4,4,2,6,0.114
"onwind","HU",3,1,1,7,17.606
"onwind","HU",2,2,1,8,33.353
"onwind","HU",1,3,1,9,32.81
"onwind","HU",4,4,1,10,21.249
"onwind","IE",1,1,4,1,95.803
"onwind","IE",1,1,3,2,45.813
"onwind","IE",1,1,2,3,0.468
"onwind","IT",27,1,4,1,0.01
"onwind","IT",31,2,4,2,0.013
"onwind","IT",6,4,4,3,0.01
"onwind","IT",12,6,4,4,0.009
"onwind","IT",28,7,4,5,0.018
"onwind","IT",19,8,4,6,0.014
"onwind","IT",20,9,4,7,0.014
"onwind","IT",7,11,4,8,0.017
"onwind","IT",8,15,4,9,0.004
"onwind","IT",4,17,4,10,0.011
"onwind","IT",30,18,4,11,0.003
"onwind","IT",49,19,4,12,0.059
"onwind","IT",14,22,4,13,0.01
"onwind","IT",11,24,4,14,0.004
"onwind","IT",10,31,4,15,0.051
"onwind","IT",47,32,4,16,0.031
"onwind","IT",40,38,4,17,0.01
"onwind","IT",42,39,4,18,0.005
"onwind","IT",39,41,4,19,0.032
"onwind","IT",45,42,4,20,0.034
"onwind","IT",37,44,4,21,0.05
"onwind","IT",50,45,4,22,0.053
"onwind","IT",43,46,4,23,0.015
"onwind","IT",21,48,4,24,0.006
"onwind","IT",48,50,4,25,0.012
"onwind","IT",27,1,3,26,0.966
"onwind","IT",31,2,3,27,0.281
"onwind","IT",17,3,3,28,0.28
"onwind","IT",6,4,3,29,0.337
"onwind","IT",22,5,3,30,0.158
"onwind","IT",12,6,3,31,0.319
"onwind","IT",28,7,3,32,0.327
"onwind","IT",19,8,3,33,0.482
"onwind","IT",20,9,3,34,0.262
"onwind","IT",7,11,3,35,0.189
"onwind","IT",2,12,3,36,0.019
"onwind","IT",33,13,3,37,0.023
"onwind","IT",13,14,3,38,0.207
"onwind","IT",8,15,3,39,0.218
"onwind","IT",23,16,3,40,0.016
"onwind","IT",4,17,3,41,0.121
"onwind","IT",30,18,3,42,0.222
"onwind","IT",49,19,3,43,0.342
"onwind","IT",15,20,3,44,0.03
"onwind","IT",14,22,3,45,0.143
"onwind","IT",11,24,3,46,0.182
"onwind","IT",24,25,3,47,0.135
"onwind","IT",18,26,3,48,0.027
"onwind","IT",9,27,3,49,0.025
"onwind","IT",34,29,3,50,0.014
"onwind","IT",25,30,3,51,0.01
"onwind","IT",10,31,3,52,0.227
"onwind","IT",47,32,3,53,0.212
"onwind","IT",32,33,3,54,0.1
"onwind","IT",5,35,3,55,0.044
"onwind","IT",40,38,3,56,0.055
"onwind","IT",42,39,3,57,0.124
"onwind","IT",38,40,3,58,0.005
"onwind","IT",39,41,3,59,0.146
"onwind","IT",45,42,3,60,0.348
"onwind","IT",16,43,3,61,0.007
"onwind","IT",37,44,3,62,0.278
"onwind","IT",50,45,3,63,0.494
"onwind","IT",43,46,3,64,0.237
"onwind","IT",21,48,3,65,0.098
"onwind","IT",44,49,3,66,0.041
"onwind","IT",48,50,3,67,0.075
"onwind","IT",27,1,2,68,1.347
"onwind","IT",31,2,2,69,1.311
"onwind","IT",17,3,2,70,3.19
"onwind","IT",6,4,2,71,3.614
"onwind","IT",22,5,2,72,5.149
"onwind","IT",12,6,2,73,1.208
"onwind","IT",28,7,2,74,2.138
"onwind","IT",19,8,2,75,2.977
"onwind","IT",20,9,2,76,1.278
"onwind","IT",26,10,2,77,3.726
"onwind","IT",7,11,2,78,1.255
"onwind","IT",2,12,2,79,1.106
"onwind","IT",33,13,2,80,1.429
"onwind","IT",13,14,2,81,1.068
"onwind","IT",8,15,2,82,1.544
"onwind","IT",23,16,2,83,1.361
"onwind","IT",4,17,2,84,1.264
"onwind","IT",30,18,2,85,1.149
"onwind","IT",49,19,2,86,0.83
"onwind","IT",15,20,2,87,0.66
"onwind","IT",1,21,2,88,0.605
"onwind","IT",14,22,2,89,1.714
"onwind","IT",35,23,2,90,1.081
"onwind","IT",11,24,2,91,1.11
"onwind","IT",24,25,2,92,1.674
"onwind","IT",18,26,2,93,0.96
"onwind","IT",9,27,2,94,0.188
"onwind","IT",29,28,2,95,0.164
"onwind","IT",34,29,2,96,0.539
"onwind","IT",25,30,2,97,0.943
"onwind","IT",10,31,2,98,0.649
"onwind","IT",47,32,2,99,0.544
"onwind","IT",32,33,2,100,0.987
"onwind","IT",41,34,2,101,0.158
"onwind","IT",5,35,2,102,0.572
"onwind","IT",36,36,2,103,0.284
"onwind","IT",3,37,2,104,0.249
"onwind","IT",40,38,2,105,0.472
"onwind","IT",42,39,2,106,1.37
"onwind","IT",38,40,2,107,0.232
"onwind","IT",39,41,2,108,0.711
"onwind","IT",45,42,2,109,1.025
"onwind","IT",16,43,2,110,0.184
"onwind","IT",37,44,2,111,1.233
"onwind","IT",50,45,2,112,1.688
"onwind","IT",43,46,2,113,1.258
"onwind","IT",46,47,2,114,0.051
"onwind","IT",21,48,2,115,0.525
"onwind","IT",44,49,2,116,0.298
"onwind","IT",48,50,2,117,0.304
"onwind","IT",27,1,1,118,0.588
"onwind","IT",31,2,1,119,0.481
"onwind","IT",17,3,1,120,0.182
"onwind","IT",6,4,1,121,1.292
"onwind","IT",22,5,1,122,1.499
"onwind","IT",12,6,1,123,1.145
"onwind","IT",28,7,1,124,3.057
"onwind","IT",19,8,1,125,2.936
"onwind","IT",20,9,1,126,1.968
"onwind","IT",26,10,1,127,4.87
"onwind","IT",7,11,1,128,3.186
"onwind","IT",2,12,1,129,2.175
"onwind","IT",33,13,1,130,4.134
"onwind","IT",13,14,1,131,1.423
"onwind","IT",8,15,1,132,3.059
"onwind","IT",23,16,1,133,2.677
"onwind","IT",4,17,1,134,2.98
"onwind","IT",30,18,1,135,2.26
"onwind","IT",49,19,1,136,1.13
"onwind","IT",15,20,1,137,1.774
"onwind","IT",1,21,1,138,3.241
"onwind","IT",14,22,1,139,7.872
"onwind","IT",35,23,1,140,5.279
"onwind","IT",11,24,1,141,2.549
"onwind","IT",24,25,1,142,3.883
"onwind","IT",18,26,1,143,3.822
"onwind","IT",9,27,1,144,0.767
"onwind","IT",29,28,1,145,3.173
"onwind","IT",34,29,1,146,2.596
"onwind","IT",25,30,1,147,5.756
"onwind","IT",10,31,1,148,2.238
"onwind","IT",47,32,1,149,0.883
"onwind","IT",32,33,1,150,2.682
"onwind","IT",41,34,1,151,4.036
"onwind","IT",5,35,1,152,3.3
"onwind","IT",36,36,1,153,6.186
"onwind","IT",3,37,1,154,2.584
"onwind","IT",40,38,1,155,2.211
"onwind","IT",42,39,1,156,2.832
"onwind","IT",38,40,1,157,2.937
"onwind","IT",39,41,1,158,3.522
"onwind","IT",45,42,1,159,2.107
"onwind","IT",16,43,1,160,2.02
"onwind","IT",37,44,1,161,3.308
"onwind","IT",50,45,1,162,3.811
"onwind","IT",43,46,1,163,4.584
"onwind","IT",46,47,1,164,1.71
"onwind","IT",21,48,1,165,2.739
"onwind","IT",44,49,1,166,1.448
"onwind","IT",48,50,1,167,1.051
"onwind","LT",1,1,4,1,0.393
"onwind","LT",1,1,3,2,19.922
"onwind","LT",1,1,2,3,83.124
"onwind","LT",1,1,1,4,22.208
"onwind","LU",1,1,3,1,0.044
"onwind","LU",1,1,2,2,0.709
"onwind","LU",1,1,1,3,1.27
"onwind","LV",2,1,4,1,3.341
"onwind","LV",2,1,3,2,9.343
"onwind","LV",1,2,3,3,1.696
"onwind","LV",2,1,2,4,38.088
"onwind","LV",1,2,2,5,54.776
"onwind","LV",2,1,1,6,12.732
"onwind","LV",1,2,1,7,28.944
"onwind","MD",1,1,3,1,0.078
"onwind","MD",1,1,2,2,14.171
"onwind","MD",1,1,1,3,12.054
"onwind","ME",2,1,4,1,0.149
"onwind","ME",1,2,4,2,0.045
"onwind","ME",2,1,3,3,0.962
"onwind","ME",1,2,3,4,0.284
"onwind","ME",2,1,2,5,3.661
"onwind","ME",1,2,2,6,1.093
"onwind","ME",2,1,1,7,6.961
"onwind","ME",1,2,1,8,2.801
"onwind","MK",2,2,4,1,0.006
"onwind","MK",4,1,3,2,0.035
"onwind","MK",2,2,3,3,0.046
"onwind","MK",3,3,3,4,0.092
"onwind","MK",1,4,3,5,0.051
"onwind","MK",4,1,2,6,0.794
"onwind","MK",2,2,2,7,0.431
"onwind","MK",3,3,2,8,0.781
"onwind","MK",1,4,2,9,0.525
"onwind","MK",4,1,1,10,6.108
"onwind","MK",2,2,1,11,2.411
"onwind","MK",3,3,1,12,2.361
"onwind","MK",1,4,1,13,2.66
"onwind","NL",1,1,4,1,7.527
"onwind","NL",1,1,3,2,29.902
"onwind","NL",1,1,2,3,9.143
"onwind","NL",1,1,1,4,0.49
"onwind","NO",20,1,4,1,13.694
"onwind","NO",19,2,4,2,14.33
"onwind","NO",1,3,4,3,9.307
"onwind","NO",13,4,4,4,13.332
"onwind","NO",3,5,4,5,9.558
"onwind","NO",11,6,4,6,7.178
"onwind","NO",14,7,4,7,11.405
"onwind","NO",18,8,4,8,8.267
"onwind","NO",17,9,4,9,3.647
"onwind","NO",15,10,4,10,4.566
"onwind","NO",10,11,4,11,5.177
"onwind","NO",12,12,4,12,6.358
"onwind","NO",7,13,4,13,3.106
"onwind","NO",16,14,4,14,5.277
"onwind","NO",9,15,4,15,3.516
"onwind","NO",5,16,4,16,3.472
"onwind","NO",2,17,4,17,2.759
"onwind","NO",6,18,4,18,2.61
"onwind","NO",8,19,4,19,1.768
"onwind","NO",4,20,4,20,0.226
"onwind","NO",20,1,3,21,15.07
"onwind","NO",19,2,3,22,13.372
"onwind","NO",1,3,3,23,8.988
"onwind","NO",13,4,3,24,13.243
"onwind","NO",3,5,3,25,14.71
"onwind","NO",11,6,3,26,11.753
"onwind","NO",14,7,3,27,14.476
"onwind","NO",18,8,3,28,12.944
"onwind","NO",17,9,3,29,13.808
"onwind","NO",15,10,3,30,8.685
"onwind","NO",10,11,3,31,9.6
"onwind","NO",12,12,3,32,9.749
"onwind","NO",7,13,3,33,6.709
"onwind","NO",16,14,3,34,8.977
"onwind","NO",9,15,3,35,8.007
"onwind","NO",5,16,3,36,10.975
"onwind","NO",2,17,3,37,5.429
"onwind","NO",6,18,3,38,6.361
"onwind","NO",8,19,3,39,6.758
"onwind","NO",4,20,3,40,1.181
"onwind","NO",20,1,2,41,8.934
"onwind","NO",19,2,2,42,9.674
"onwind","NO",1,3,2,43,5.65
"onwind","NO",13,4,2,44,10.166
"onwind","NO",3,5,2,45,8.45
"onwind","NO",11,6,2,46,9.903
"onwind","NO",14,7,2,47,11.397
"onwind","NO",18,8,2,48,10.736
"onwind","NO",17,9,2,49,12.785
"onwind","NO",15,10,2,50,10.372
"onwind","NO",10,11,2,51,9.644
"onwind","NO",12,12,2,52,10.947
"onwind","NO",7,13,2,53,7.61
"onwind","NO",16,14,2,54,12.009
"onwind","NO",9,15,2,55,8.117
"onwind","NO",5,16,2,56,12.301
"onwind","NO",2,17,2,57,12.307
"onwind","NO",6,18,2,58,11.794
"onwind","NO",8,19,2,59,11.819
"onwind","NO",4,20,2,60,7.59
"onwind","NO",20,1,1,61,1.495
"onwind","NO",19,2,1,62,3.461
"onwind","NO",1,3,1,63,2.83
"onwind","NO",13,4,1,64,4.863
"onwind","NO",3,5,1,65,3.732
"onwind","NO",11,6,1,66,4.137
"onwind","NO",14,7,1,67,6.887
"onwind","NO",18,8,1,68,5.705
"onwind","NO",17,9,1,69,2.917
"onwind","NO",15,10,1,70,5.56
"onwind","NO",10,11,1,71,6.409
"onwind","NO",12,12,1,72,8.923
"onwind","NO",7,13,1,73,5.089
"onwind","NO",16,14,1,74,10.302
"onwind","NO",9,15,1,75,6.969
"onwind","NO",5,16,1,76,10.924
"onwind","NO",2,17,1,77,11.043
"onwind","NO",6,18,1,78,13.478
"onwind","NO",8,19,1,79,19.545
"onwind","NO",4,20,1,80,27.544
"onwind","PL",4,1,4,1,1.019
"onwind","PL",5,2,4,2,0.011
"onwind","PL",3,3,4,3,1.013
"onwind","PL",2,4,4,4,0.004
"onwind","PL",1,5,4,5,0.009
"onwind","PL",4,1,3,6,17.472
"onwind","PL",5,2,3,7,7.351
"onwind","PL",3,3,3,8,14.185
"onwind","PL",2,4,3,9,0.757
"onwind","PL",1,5,3,10,0.51
"onwind","PL",4,1,2,11,59.253
"onwind","PL",5,2,2,12,42.673
"onwind","PL",3,3,2,13,61.341
"onwind","PL",2,4,2,14,48.373
"onwind","PL",1,5,2,15,41.22
"onwind","PL",4,1,1,16,11.659
"onwind","PL",5,2,1,17,9.35
"onwind","PL",3,3,1,18,27.339
"onwind","PL",2,4,1,19,32.489
"onwind","PL",1,5,1,20,32.012
"onwind","PT",1,1,4,1,0.017
"onwind","PT",2,2,4,2,0.125
"onwind","PT",3,3,4,3,0.073
"onwind","PT",1,1,3,4,0.533
"onwind","PT",2,2,3,5,1.812
"onwind","PT",3,3,3,6,1.541
"onwind","PT",1,1,2,7,11.851
"onwind","PT",2,2,2,8,8.649
"onwind","PT",3,3,2,9,10.221
"onwind","PT",1,1,1,10,30.064
"onwind","PT",2,2,1,11,29.539
"onwind","PT",3,3,1,12,30.472
"onwind","RO",12,15,4,1,0.027
"onwind","RO",7,16,4,2,0.029
"onwind","RO",17,19,4,3,0.021
"onwind","RO",11,20,4,4,0.008
"onwind","RO",3,1,3,5,0.105
"onwind","RO",14,3,3,6,0.012
"onwind","RO",8,4,3,7,0.078
"onwind","RO",15,7,3,8,0.035
"onwind","RO",18,9,3,9,0.003
"onwind","RO",9,11,3,10,0.008
"onwind","RO",1,12,3,11,0.007
"onwind","RO",12,15,3,12,0.418
"onwind","RO",7,16,3,13,0.201
"onwind","RO",19,18,3,14,0.003
"onwind","RO",17,19,3,15,0.28
"onwind","RO",11,20,3,16,0.113
"onwind","RO",3,1,2,17,7.449
"onwind","RO",10,2,2,18,6.65
"onwind","RO",14,3,2,19,4.716
"onwind","RO",8,4,2,20,3.476
"onwind","RO",20,5,2,21,2.354
"onwind","RO",5,6,2,22,2.26
"onwind","RO",15,7,2,23,2.666
"onwind","RO",6,8,2,24,1.353
"onwind","RO",18,9,2,25,1.226
"onwind","RO",13,10,2,26,0.006
"onwind","RO",9,11,2,27,0.39
"onwind","RO",1,12,2,28,0.034
"onwind","RO",16,13,2,29,0.008
"onwind","RO",12,15,2,30,2.233
"onwind","RO",7,16,2,31,0.812
"onwind","RO",19,18,2,32,0.153
"onwind","RO",17,19,2,33,1.859
"onwind","RO",11,20,2,34,0.706
"onwind","RO",3,1,1,35,3.442
"onwind","RO",10,2,1,36,2.045
"onwind","RO",14,3,1,37,3.752
"onwind","RO",8,4,1,38,7.005
"onwind","RO",20,5,1,39,5.797
"onwind","RO",5,6,1,40,8.534
"onwind","RO",15,7,1,41,6.702
"onwind","RO",6,8,1,42,8.953
"onwind","RO",18,9,1,43,7.56
"onwind","RO",13,10,1,44,11.072
"onwind","RO",9,11,1,45,4.111
"onwind","RO",1,12,1,46,9.359
"onwind","RO",16,13,1,47,4.372
"onwind","RO",2,14,1,48,10.331
"onwind","RO",12,15,1,49,6.53
"onwind","RO",7,16,1,50,1.998
"onwind","RO",4,17,1,51,9.753
"onwind","RO",19,18,1,52,6.173
"onwind","RO",17,19,1,53,7.432
"onwind","RO",11,20,1,54,5.354
"onwind","RS",3,4,4,1,0.021
"onwind","RS",2,5,4,2,0.009
"onwind","RS",4,2,3,3,0.081
"onwind","RS",3,4,3,4,0.237
"onwind","RS",2,5,3,5,0.222
"onwind","RS",1,6,3,6,0.152
"onwind","RS",6,1,2,7,0.713
"onwind","RS",4,2,2,8,4.298
"onwind","RS",5,3,2,9,0.007
"onwind","RS",3,4,2,10,1.645
"onwind","RS",2,5,2,11,2.826
"onwind","RS",1,6,2,12,1.909
"onwind","RS",6,1,1,13,16.369
"onwind","RS",4,2,1,14,14.278
"onwind","RS",5,3,1,15,15.363
"onwind","RS",3,4,1,16,5.695
"onwind","RS",2,5,1,17,12.343
"onwind","RS",1,6,1,18,12.43
"onwind","SE",7,1,4,1,6.65
"onwind","SE",1,2,4,2,7.138
"onwind","SE",2,3,4,3,2.569
"onwind","SE",4,4,4,4,4.298
"onwind","SE",6,5,4,5,0.31
"onwind","SE",5,6,4,6,3.514
"onwind","SE",3,7,4,7,0.861
"onwind","SE",8,8,4,8,0.069
"onwind","SE",7,1,3,9,14.205
"onwind","SE",1,2,3,10,16.605
"onwind","SE",2,3,3,11,13.633
"onwind","SE",4,4,3,12,11.145
"onwind","SE",6,5,3,13,5.332
"onwind","SE",5,6,3,14,10.148
"onwind","SE",3,7,3,15,2.745
"onwind","SE",8,8,3,16,2.402
"onwind","SE",7,1,2,17,20.532
"onwind","SE",1,2,2,18,68.636
"onwind","SE",2,3,2,19,78.9
"onwind","SE",4,4,2,20,35.601
"onwind","SE",6,5,2,21,54.434
"onwind","SE",5,6,2,22,44.262
"onwind","SE",3,7,2,23,41.43
"onwind","SE",8,8,2,24,23.754
"onwind","SE",7,1,1,25,18.452
"onwind","SE",1,2,1,26,38.799
"onwind","SE",2,3,1,27,38.377
"onwind","SE",4,4,1,28,51.859
"onwind","SE",6,5,1,29,57.966
"onwind","SE",5,6,1,30,76.269
"onwind","SE",3,7,1,31,83.563
"onwind","SE",8,8,1,32,59.803
"onwind","SI",1,1,4,1,0.016
"onwind","SI",2,3,4,2,0.014
"onwind","SI",1,1,3,3,0.173
"onwind","SI",3,2,3,4,0.004
"onwind","SI",2,3,3,5,0.095
"onwind","SI",1,1,2,6,0.749
"onwind","SI",3,2,2,7,0.057
"onwind","SI",2,3,2,8,0.532
"onwind","SI",1,1,1,9,1.744
"onwind","SI",3,2,1,10,1.794
"onwind","SI",2,3,1,11,2.128
"onwind","SK",2,1,4,1,0.015
"onwind","SK",4,3,4,2,0.034
"onwind","SK",2,1,3,3,0.143
"onwind","SK",1,2,3,4,0.017
"onwind","SK",4,3,3,5,0.31
"onwind","SK",3,4,3,6,0.023
"onwind","SK",2,1,2,7,2.804
"onwind","SK",1,2,2,8,0.291
"onwind","SK",4,3,2,9,1.189
"onwind","SK",3,4,2,10,0.248
"onwind","SK",2,1,1,11,8.172
"onwind","SK",1,2,1,12,4.964
"onwind","SK",4,3,1,13,4.124
"onwind","SK",3,4,1,14,2.874
"onwind","UA",1,2,4,1,0.005
"onwind","UA",7,8,4,2,0.005
"onwind","UA",3,1,3,3,4.708
"onwind","UA",1,2,3,4,3.202
"onwind","UA",6,3,3,5,3.118
"onwind","UA",5,4,3,6,0.31
"onwind","UA",2,5,3,7,0.676
"onwind","UA",8,6,3,8,0.336
"onwind","UA",4,7,3,9,0.277
"onwind","UA",7,8,3,10,0.84
"onwind","UA",3,1,2,11,33.713
"onwind","UA",1,2,2,12,55.298
"onwind","UA",6,3,2,13,36.206
"onwind","UA",5,4,2,14,44.068
"onwind","UA",2,5,2,15,59.274
"onwind","UA",8,6,2,16,39.365
"onwind","UA",4,7,2,17,37.164
"onwind","UA",7,8,2,18,33.822
"onwind","UA",3,1,1,19,1.579
"onwind","UA",1,2,1,20,4.497
"onwind","UA",6,3,1,21,7.487
"onwind","UA",5,4,1,22,5.99
"onwind","UA",2,5,1,23,7.267
"onwind","UA",8,6,1,24,9.37
"onwind","UA",4,7,1,25,11.905
"onwind","UA",7,8,1,26,18.205
"onwind","XK",1,1,4,1,0.017
"onwind","XK",2,2,4,2,0.005
"onwind","XK",1,1,3,3,0.199
"onwind","XK",2,2,3,4,0.126
"onwind","XK",1,1,2,5,0.797
"onwind","XK",2,2,2,6,0.898
"onwind","XK",1,1,1,7,3.069
"onwind","XK",2,2,1,8,4.688
"solar","AL",1,1,6,1,0.637
"solar","AL",1,1,5,2,44.741
"solar","AL",1,1,4,3,7.189
"solar","AL",1,1,3,4,0.542
"solar","AL",1,1,2,5,0.07
"solar","AT",1,1,5,1,1.64
"solar","AT",1,1,4,2,28.683
"solar","AT",2,2,4,3,18.431
"solar","AT",1,1,3,4,30.142
"solar","AT",2,2,3,5,80.184
"solar","AT",1,1,2,6,8.91
"solar","AT",2,2,2,7,1.698
"solar","AT",1,1,1,8,1.156
"solar","AT",2,2,1,9,0.154
"solar","BA",1,1,5,1,13.877
"solar","BA",1,1,4,2,64.727
"solar","BA",1,1,3,3,6.829
"solar","BA",1,1,2,4,0.186
"solar","BA",1,1,1,5,0.006
"solar","BE",1,1,3,1,101.49
"solar","BE",1,1,2,2,3.966
"solar","BG",1,1,5,1,21.646
"solar","BG",1,1,4,2,210.943
"solar","BG",1,1,3,3,1.141
"solar","BG",1,1,2,4,0.036
"solar","CH",1,1,6,1,0.165
"solar","CH",1,1,5,2,11.693
"solar","CH",1,1,4,3,46.697
"solar","CH",1,1,3,4,53.541
"solar","CH",1,1,2,5,7.605
"solar","CH",1,1,1,6,1.053
"solar","CZ",1,1,3,1,210.989
"solar","CZ",1,1,2,2,2.327
"solar","DE",1,1,4,1,6.004
"solar","DE",1,1,3,2,229.858
"solar","DE",2,2,3,3,216.228
"solar","DE",3,3,3,4,285.383
"solar","DE",4,4,3,5,61.03
"solar","DE",1,1,2,6,1.599
"solar","DE",2,2,2,7,46.836
"solar","DE",3,3,2,8,18.866
"solar","DE",4,4,2,9,216.019
"solar","DE",1,1,1,10,0.236
"solar","DK",1,1,3,1,68.706
"solar","DK",1,1,2,2,90.54
"solar","EE",1,1,3,1,11.033
"solar","EE",1,1,2,2,51.494
"solar","ES",1,1,6,1,865.113
"solar","ES",1,1,5,2,148.202
"solar","ES",1,1,4,3,60.568
"solar","ES",1,1,3,4,21.735
"solar","ES",1,1,2,5,0.383
"solar","ES",1,1,1,6,0.016
"solar","FI",1,1,3,1,3.218
"solar","FI",2,2,3,2,0.32
"solar","FI",1,1,2,3,60.465
"solar","FI",2,2,2,4,28.313
"solar","FR",1,1,6,1,15.015
"solar","FR",2,2,6,2,0.879
"solar","FR",1,1,5,3,80.815
"solar","FR",2,2,5,4,13.061
"solar","FR",1,1,4,5,377.895
"solar","FR",2,2,4,6,185.884
"solar","FR",3,3,4,7,78.77
"solar","FR",1,1,3,8,15.162
"solar","FR",2,2,3,9,261.258
"solar","FR",3,3,3,10,303.87
"solar","FR",4,4,3,11,346.894
"solar","FR",1,1,2,12,0.734
"solar","FR",2,2,2,13,1.275
"solar","FR",4,4,2,14,0.595
"solar","FR",1,1,1,15,0.017
"solar","FR",2,2,1,16,0.044
"solar","GB",2,1,3,1,70.285
"solar","GB",1,2,3,2,56.365
"solar","GB",2,1,2,3,117.674
"solar","GB",1,2,2,4,155.186
"solar","GB",3,3,2,5,205.213
"solar","GB",4,4,2,6,197.128
"solar","GB",1,2,1,7,1.205
"solar","GB",3,3,1,8,0.297
"solar","GB",4,4,1,9,47.724
"solar","GR",1,1,6,1,25.601
"solar","GR",1,1,5,2,154.25
"solar","GR",1,1,4,3,11.018
"solar","GR",1,1,3,4,0.201
"solar","GR",1,1,2,5,0.02
"solar","HR",1,1,5,1,11.613
"solar","HR",1,1,4,2,73.245
"solar","HR",1,1,3,3,0.834
"solar","HU",1,1,4,1,280.749
"solar","HU",1,1,3,2,7.462
"solar","IE",1,1,3,1,1.626
"solar","IE",1,1,2,2,213.467
"solar","IE",1,1,1,3,9.697
"solar","IT",1,1,6,1,76.614
"solar","IT",2,2,6,2,1.355
"solar","IT",1,1,5,3,283.106
"solar","IT",2,2,5,4,133.252
"solar","IT",1,1,4,5,24.973
"solar","IT",2,2,4,6,228.326
"solar","IT",1,1,3,7,0.693
"solar","IT",2,2,3,8,12.875
"solar","IT",1,1,2,9,0.043
"solar","IT",2,2,2,10,3.882
"solar","IT",2,2,1,11,0.441
"solar","LT",1,1,3,1,108.863
"solar","LT",1,1,2,2,68.961
"solar","LU",1,1,3,1,6.306
"solar","LU",1,1,2,2,0.263
"solar","LV",1,1,3,1,34.104
"solar","LV",2,2,3,2,1.004
"solar","LV",1,1,2,3,20.695
"solar","LV",2,2,2,4,64.451
"solar","MD",1,1,4,1,82.498
"solar","MD",1,1,3,2,6.032
"solar","ME",1,1,5,1,7.013
"solar","ME",1,1,4,2,8.013
"solar","ME",1,1,3,3,0.8
"solar","ME",1,1,2,4,0.129
"solar","MK",1,1,5,1,32.243
"solar","MK",1,1,4,2,16.713
"solar","MK",1,1,3,3,0.19
"solar","MK",1,1,2,4,0.006
"solar","NL",1,1,3,1,85.651
"solar","NL",1,1,2,2,52.315
"solar","NO",3,4,4,1,0.043
"solar","NO",1,1,3,2,29.526
"solar","NO",2,2,3,3,7.628
"solar","NO",4,3,3,4,16.133
"solar","NO",3,4,3,5,4.807
"solar","NO",1,1,2,6,30.954
"solar","NO",2,2,2,7,27.224
"solar","NO",4,3,2,8,62.101
"solar","NO",3,4,2,9,25.109
"solar","NO",5,5,2,10,11.311
"solar","NO",1,1,1,11,4.212
"solar","NO",2,2,1,12,0.264
"solar","NO",4,3,1,13,13.48
"solar","NO",3,4,1,14,29.079
"solar","NO",5,5,1,15,28.023
"solar","PL",1,1,4,1,0.011
"solar","PL",1,1,3,2,241.845
"solar","PL",3,2,3,3,206.405
"solar","PL",2,3,3,4,378.577
"solar","PL",1,1,2,5,0.686
"solar","PL",3,2,2,6,4.344
"solar","PL",2,3,2,7,32.229
"solar","PL",1,1,1,8,0.017
"solar","PT",1,1,6,1,69.723
"solar","PT",1,1,5,2,64.96
"solar","PT",1,1,4,3,1.294
"solar","RO",1,1,4,1,376.031
"solar","RO",2,2,4,2,229.681
"solar","RO",1,1,3,3,4.582
"solar","RO",2,2,3,4,41.398
"solar","RO",1,1,2,5,0.162
"solar","RO",2,2,2,6,0.52
"solar","RS",1,1,5,1,0.637
"solar","RS",1,1,4,2,191.102
"solar","RS",1,1,3,3,1.748
"solar","RS",1,1,2,4,0.015
"solar","SE",3,1,3,1,22.388
"solar","SE",1,2,3,2,25.514
"solar","SE",2,3,3,3,14.868
"solar","SE",4,4,3,4,11.398
"solar","SE",3,1,2,5,21.18
"solar","SE",1,2,2,6,14.846
"solar","SE",2,3,2,7,30.16
"solar","SE",4,4,2,8,54.547
"solar","SE",4,4,1,9,1.042
"solar","SI",1,1,4,1,20.277
"solar","SI",1,1,3,2,4.498
"solar","SI",1,1,2,3,0.305
"solar","SI",1,1,1,4,0.059
"solar","SK",1,1,4,1,45.783
"solar","SK",1,1,3,2,52.793
"solar","SK",1,1,2,3,1.111
"solar","SK",1,1,1,4,0.056
"solar","UA",1,1,5,1,1.232
"solar","UA",1,1,4,2,408.917
"solar","UA",2,2,4,3,188.878
"solar","UA",4,3,4,4,0.414
"solar","UA",3,4,4,5,5.211
"solar","UA",1,1,3,6,140.424
"solar","UA",2,2,3,7,176.044
"solar","UA",4,3,3,8,287.679
"solar","UA",3,4,3,9,309.633
"solar","UA",3,4,2,10,3.92
"solar","UA",3,4,1,11,0.013
"solar","XK",1,1,5,1,2.223
"solar","XK",1,1,4,2,19.02
"solar","XK",1,1,3,3,0.285
"solar","XK",1,1,2,4,0.015
