source,scenario,country,year,twh
demand_workbook,REF,AT,2019,67.73156421876794
demand_workbook,REF,BE,2019,85.93923151645869
demand_workbook,REF,BG,2019,33.89588439822304
demand_workbook,REF,CZ,2019,64.80825361010687
demand_workbook,REF,DE,2019,537.8752021506563
demand_workbook,REF,DK,2019,32.35309686019619
demand_workbook,REF,EE,2019,8.8453524655625
demand_workbook,REF,ES,2019,251.49613916846644
demand_workbook,REF,FI,2019,88.73653975868336
demand_workbook,REF,FR,2019,452.90859110094794
demand_workbook,REF,GR,2019,52.43864405616389
demand_workbook,REF,HR,2019,16.314869047334234
demand_workbook,REF,HU,2019,41.52131027330651
demand_workbook,REF,IE,2019,29.17273740417806
demand_workbook,REF,IT,2019,303.5624475905267
demand_workbook,REF,LT,2019,11.59850534567843
demand_workbook,REF,LU,2019,6.455735744102882
demand_workbook,REF,LV,2019,7.148546838910986
demand_workbook,REF,NL,2019,118.28071665726478
demand_workbook,REF,PL,2019,163.20292960242216
demand_workbook,REF,PT,2019,49.10497940403346
demand_workbook,REF,RO,2019,53.081178271858654
demand_workbook,REF,SE,2019,133.80215024687473
demand_workbook,REF,SI,2019,14.409663556037302
demand_workbook,REF,SK,2019,27.972029652460268
demand_workbook,DE,AT,2040,115.45426315765029
demand_workbook,DE,BE,2040,150.45778438422943
demand_workbook,DE,BG,2040,37.44567475822383
demand_workbook,DE,CZ,2040,93.6388080311165
demand_workbook,DE,DE,2040,865.4399705504187
demand_workbook,DE,DK,2040,46.78197140781924
demand_workbook,DE,EE,2040,9.701580284558585
demand_workbook,DE,ES,2040,318.4104803523535
demand_workbook,DE,FI,2040,146.41194691043845
demand_workbook,DE,FR,2040,510.8034412946178
demand_workbook,DE,GR,2040,57.390839781664596
demand_workbook,DE,HR,2040,17.403392342956682
demand_workbook,DE,HU,2040,71.08259202161757
demand_workbook,DE,IE,2040,78.80954079861587
demand_workbook,DE,IT,2040,400.219779250338
demand_workbook,DE,LT,2040,14.720814328536889
demand_workbook,DE,LU,2040,13.811109505567133
demand_workbook,DE,LV,2040,9.032868703965098
demand_workbook,DE,NL,2040,227.39289755275092
demand_workbook,DE,PL,2040,212.1036788232893
demand_workbook,DE,PT,2040,57.67268543243722
demand_workbook,DE,RO,2040,66.99264224613668
demand_workbook,DE,SE,2040,204.5566525117324
demand_workbook,DE,SI,2040,16.4845576799046
demand_workbook,DE,SK,2040,37.02878834788227
demand_workbook,DE,AT,2050,115.24038997137255
demand_workbook,DE,BE,2050,170.0830087410063
demand_workbook,DE,BG,2050,40.013363756221395
demand_workbook,DE,CZ,2050,102.20538011704909
demand_workbook,DE,DE,2050,870.4722994472188
demand_workbook,DE,DK,2050,40.12921930563668
demand_workbook,DE,EE,2050,11.03338359566541
demand_workbook,DE,ES,2050,358.0635074437574
demand_workbook,DE,FI,2050,155.0662677121712
demand_workbook,DE,FR,2050,513.034213283622
demand_workbook,DE,GR,2050,59.74376228010282
demand_workbook,DE,HR,2050,20.471334667226962
demand_workbook,DE,HU,2050,79.24131944863254
demand_workbook,DE,IE,2050,79.1370181340165
demand_workbook,DE,IT,2050,446.0515731709203
demand_workbook,DE,LT,2050,16.899253436675362
demand_workbook,DE,LU,2050,13.829615572710107
demand_workbook,DE,LV,2050,9.495074299252657
demand_workbook,DE,NL,2050,292.4099353070267
demand_workbook,DE,PL,2050,231.99829261632283
demand_workbook,DE,PT,2050,58.954337380889505
demand_workbook,DE,RO,2050,72.72197407466895
demand_workbook,DE,SE,2050,213.96489241677824
demand_workbook,DE,SI,2050,16.45945768380925
demand_workbook,DE,SK,2050,40.475643768701715
demand_workbook,GA,AT,2040,103.5667076047122
demand_workbook,GA,BE,2040,140.64608135345077
demand_workbook,GA,BG,2040,33.84890348143644
demand_workbook,GA,CZ,2040,66.66529743557355
demand_workbook,GA,DE,2040,700.4932882786477
demand_workbook,GA,DK,2040,31.064610608461443
demand_workbook,GA,EE,2040,9.405042768690894
demand_workbook,GA,ES,2040,283.89463189855184
demand_workbook,GA,FI,2040,130.4913508314919
demand_workbook,GA,FR,2040,496.1796264671996
demand_workbook,GA,GR,2040,59.39091266807649
demand_workbook,GA,HR,2040,15.849577025350339
demand_workbook,GA,HU,2040,65.04569592985318
demand_workbook,GA,IE,2040,61.69628867329881
demand_workbook,GA,IT,2040,374.9191828891829
demand_workbook,GA,LT,2040,11.834387333768674
demand_workbook,GA,LU,2040,14.446294852757886
demand_workbook,GA,LV,2040,7.465091316347082
demand_workbook,GA,NL,2040,185.57676899387295
demand_workbook,GA,PL,2040,183.94295655796728
demand_workbook,GA,PT,2040,60.31293221616173
demand_workbook,GA,RO,2040,60.2504949359058
demand_workbook,GA,SE,2040,182.83771760300655
demand_workbook,GA,SI,2040,15.197336659123614
demand_workbook,GA,SK,2040,31.939287731684075
demand_workbook,GA,AT,2050,102.57102251153286
demand_workbook,GA,BE,2050,158.519967177097
demand_workbook,GA,BG,2050,34.383703471431076
demand_workbook,GA,CZ,2050,71.06626614167774
demand_workbook,GA,DE,2050,700.4053281470873
demand_workbook,GA,DK,2050,34.175591455468485
demand_workbook,GA,EE,2050,10.365873762469242
demand_workbook,GA,ES,2050,312.29426724023006
demand_workbook,GA,FI,2050,136.03493444678963
demand_workbook,GA,FR,2050,486.7533786476658
demand_workbook,GA,GR,2050,61.734370719153176
demand_workbook,GA,HR,2050,19.460942331686173
demand_workbook,GA,HU,2050,69.9595533135491
demand_workbook,GA,IE,2050,64.71605304500513
demand_workbook,GA,IT,2050,409.20852463579587
demand_workbook,GA,LT,2050,13.513855999012838
demand_workbook,GA,LU,2050,14.186780937333458
demand_workbook,GA,LV,2050,8.015981705103606
demand_workbook,GA,NL,2050,215.94881662465087
demand_workbook,GA,PL,2050,204.08395568667996
demand_workbook,GA,PT,2050,65.51543339746645
demand_workbook,GA,RO,2050,69.9969416138175
demand_workbook,GA,SE,2050,190.41406927391412
demand_workbook,GA,SI,2050,15.851166310344722
demand_workbook,GA,SK,2050,36.36151545065739
mm_output,NT,AL,2030,9.027231620999984
mm_output,NT,AT,2030,89.59671178
mm_output,NT,BA,2030,12.064833361999966
mm_output,NT,BE,2030,115.3768915089997
mm_output,NT,BG,2030,36.73361314099994
mm_output,NT,CH,2030,64.78607307799997
mm_output,NT,CZ,2030,81.52070909300016
mm_output,NT,DE,2030,714.0844292739985
mm_output,NT,DK,2030,45.81048592500009
mm_output,NT,EE,2030,9.91676333100001
mm_output,NT,ES,2030,269.4135725719997
mm_output,NT,FI,2030,111.03198991900057
mm_output,NT,FR,2030,524.489237
mm_output,NT,GR,2030,65.12472516000005
mm_output,NT,HR,2030,17.97887985499996
mm_output,NT,HU,2030,65.75170544300009
mm_output,NT,IE,2030,45.10828090499997
mm_output,NT,IT,2030,359.1378628529993
mm_output,NT,LT,2030,17.199078007999937
mm_output,NT,LU,2030,10.33242977499996
mm_output,NT,LV,2030,8.688674716000012
mm_output,NT,MD,2030,6.347270578000009
mm_output,NT,ME,2030,4.539434631000022
mm_output,NT,MK,2030,9.593000301000028
mm_output,NT,NL,2030,157.043010043
mm_output,NT,NO,2030,177.8632169709999
mm_output,NT,PL,2030,188.89833405500036
mm_output,NT,PT,2030,55.66334223799994
mm_output,NT,RO,2030,62.493017233000124
mm_output,NT,RS,2030,49.093533183999995
mm_output,NT,SE,2030,152.52318276499977
mm_output,NT,SI,2030,18.02694206700003
mm_output,NT,SK,2030,32.13564846100001
mm_output,NT,UA,2030,151.31261480700113
mm_output,NT,GB,2030,345.0984836530012
mm_output,NT,AL,2040,10.902501872000029
mm_output,NT,AT,2040,131.86983223599984
mm_output,NT,BA,2040,13.061927947000024
mm_output,NT,BE,2040,142.39078226600043
mm_output,NT,BG,2040,40.44383821399996
mm_output,NT,CH,2040,72.07723855600001
mm_output,NT,CZ,2040,97.69261367900012
mm_output,NT,DE,2040,939.6409953160022
mm_output,NT,DK,2040,58.29757183999976
mm_output,NT,EE,2040,12.619649212000088
mm_output,NT,ES,2040,299.5953962099984
mm_output,NT,FI,2040,126.94820736500017
mm_output,NT,FR,2040,620.912676
mm_output,NT,GR,2040,75.99301926600013
mm_output,NT,HR,2040,20.076415852000057
mm_output,NT,HU,2040,71.88839475099994
mm_output,NT,IE,2040,68.20112993000016
mm_output,NT,IT,2040,391.84881568900073
mm_output,NT,LT,2040,19.424233973000042
mm_output,NT,LU,2040,10.149400767000024
mm_output,NT,LV,2040,8.688674716000012
mm_output,NT,MD,2040,6.347270578000009
mm_output,NT,ME,2040,5.533543541000018
mm_output,NT,MK,2040,11.874725733000018
mm_output,NT,NL,2040,230.4963195770018
mm_output,NT,NO,2040,179.47967886499973
mm_output,NT,PL,2040,223.37518963000105
mm_output,NT,PT,2040,59.82202908399998
mm_output,NT,RO,2040,68.02472600899982
mm_output,NT,RS,2040,51.04266771700003
mm_output,NT,SE,2040,172.5232924490002
mm_output,NT,SI,2040,23.006760347999986
mm_output,NT,SK,2040,36.84695330699989
mm_output,NT,UA,2040,151.31261480700113
mm_output,NT,GB,2040,548.4589273519994
